predicate_id,predicate_label,predicate_description
P1001,applies to jurisdiction,"the item (institution, law, public office, public register, etc) or statement belongs to or has power over or applies to the value (a territorial jurisdiction: a country, state, municipality, etc)"
P101,field of work,specialization of a person or organization; see P106 for the occupation
P1018,language regulatory body,regulatory body of a language
P102,member of political party,the political party of which a person is or has been a member or otherwise affiliated
P10241,individual of taxon,"the taxon of an individual named organism (animal, plant)"
P10254,associated cadastral district,cadastral district in which a place is located or is part of. Use only if distinct from administrative entities (P131) in predefined countries
P1026,academic thesis,thesis or dissertation written for a degree
P1027,conferred by,"person or organization who grants an award, certification, grant, or role"
P1028,donated by,person or organization who donated the object
P1029,crew member,people that participated operating or serving aboard this vehicle
P103,native language,language or languages a person (or group) has learned from early childhood
P1034,main food source,"species, genus or family that an organism depends on for nutrition"
P1035,honorific suffix,"word or expression with connotations conveying esteem or respect when used, after a name, in addressing or referring to a person"
P1037,director / manager,person who manages any kind of group or organisation
P1038,relative,"family member (qualify with kinship to subject, P1039; for direct family member please use specific property)"
P1040,film editor,"person who works with the raw footage, selecting shots and combining them into sequences to create a finished motion picture"
P10449,trained by,"person who trained the subject, a human or an animal"
P1049,worshipped by,religion or group/civilization that worships a given deity
P105,taxon rank,level in a taxonomic hierarchy
P1050,medical condition,"any state relevant to the health of an organism, including diseases and positive conditions"
P1056,product or material produced,"material or product, including services, produced or provided by an organization, industry, facility, or process"
P1057,chromosome,chromosome on which an entity is localized
P106,occupation,"occupation of a person. See also ""field of work"" (Property:P101), ""position held"" (Property:P39). Not for groups of people. There, use ""field of work"" (Property:P101), ""industry"" (Property:P452), ""members have occupation"" (Property:P3989)."
P10606,notable role,"role in a theatrical, motion picture, television, or other work that a performer is particularly known for"
P10624,official observer status in organization,organization by which the subject is granted observer status
P1066,student of,person who has taught this person
P10664,featured track(s),soundtrack of this audiovisual work
P10680,franchisor,"one who licenses some or all of its know-how, procedures, intellectual property, use of its business model, brand, and rights to sell its branded products and services to a franchisee"
P10695,introduced in,work that introduced this concept or feature
P1071,location of creation,"place where the item was conceived or made; where applicable, location of final assembly"
P1074,fictional or mythical analog of,used to link an entity or class of entities appearing in a creative work with the analogous entity or class of entities in the real world
P10741,dance style,dance style that the subject participates or participated in or is associated with
P1075,rector,senior official in an educational institution.
P108,employer,person or organization for which the subject works or worked
P1080,from narrative universe,subject's fictional entity is in the object narrative. See also P1441 (present in work) and P1445 (fictional universe described in)
P10888,contains the statistical territorial entity,(list of) statistical territorial entities which are direct subdivisions of another statistical or administrative territorial entity
P110,illustrator,person drawing the pictures or taking the photographs in a book or similar work
P111,measured physical quantity,value of a physical property expressed as number multiplied by a unit
P11108,recorded participant,agent taking an active role as a participant in a nonfiction moving image or other recorded work
P11146,collection items at,"institution (museum, collection, etc.) holding items (specimens or other objects) collected by the subject (collector) or at the subject (e.g. site). (use archive location P485 for the archives)"
P112,founded by,"founder or co-founder of this organization, religion, place or entity"
P113,airline hub,airport that serves as a hub for an airline
P1136,solved by,person that solved a scientific question
P114,airline alliance,alliance the airline belongs to
P1142,political ideology,political ideology of an organization or person or of a work (such as a newspaper)
P115,home venue,home stadium or venue of a sports team or performing arts organization
P1165,home world,home planet or natural satellite for a fictional character or species
P11738,"handled, mitigated, or managed by",approach or method that can be used to address an issue or problem
P11799,alternate universe counterpart,this fictional character or entity is an alternate universe counterpart of the subject
P118,league or competition,"league or competition in which team or player has played, or in which an event occurs"
P11849,first performance by,performer or performing group for the first performance of a work
P119,place of burial,"location of grave, resting place, place of ash-scattering, etc. (e.g., town/city or cemetery) for a person or animal. There may be several places: e.g., re-burials, parts of body buried separately."
P1192,connecting service,service stopping at a station
P1196,manner of death,"general circumstances of a person's death; e.g. natural causes, accident, suicide, homicide, etc. Use 'cause of death' (P509) for the specific physiological mechanism, e.g. heart attack, trauma, pneumonia etc."
P12011,tribe,"recognised membership in a society, mainly denoted by shared cultural heritage; for ethnicity use P172"
P121,item operated,"equipment, installation or service operated by the subject"
P122,basic form of government,subject's government
P123,publisher,"organization or person responsible for publishing a work, such as a book, periodical, printed music, podcast, game or software"
P12328,simulates,"item simulated, imitated, or made to appear real by this item"
P12439,civil rank,non-military rank of a civil office holder in Russian Empire
P12443,has cabinet,value is the advisory committee to the item's head of state
P126,maintained by,person or organization in charge of keeping the subject (for instance an infrastructure) in functioning order
P12617,creative director,person who makes high-level creative decisions
P1268,represents,"organization, individual, or concept that an entity represents"
P1269,facet of,topic of which this item is an aspect; item that offers a broader perspective on the same topic
P127,owned by,owner of the subject
P12763,taxon synonym of,"name considered a preferred name, of which this item's taxon name is a synonym"
P12795,showrunner,person who is responsible for the day-to-day operation of a television show
P1283,filmography,"item for the list of films a person has contributed to. Don't use it to add film items. Instead, add actors as cast member (P161) on items for films, directors with director (P57)"
P12878,last appearance,last work featuring a fictional character or item
P129,physically interacts with,physical entity that the subject interacts with
P1290,godparent,person who is the godparent of a given person
P12913,class of object(s) of occurrence,class that includes the object(s) to which this occurrence (or class of occurrence) occurs or occurred
P12969,game designer,person(s) who devised and developed this game
P1299,depicted by,"object depicting this subject (object being creative works such as books, films, paintings)"
P1303,instrument,musical instrument that a person plays or teaches or used in a music occupation
P1304,central bank,country's central bank
P13044,characteristic of,"subject item or statement is a characteristic, quality, property, or state of this object (use a more specific property where possible)"
P1308,position holder,persons who hold and/or held the position
P131,located in the administrative territorial entity,the item is located on the territory of the following administrative entity. Use P276 for specifying locations that are non-administrative places and for items about events. Use P1382 if the item falls only partially into the administrative entity
P1313,office held by head of government,political office that is fulfilled by the head of the government of this item
P13176,taxon known by this common name,taxon item to which this common name refers
P13177,homonymous taxon,taxon item of which the taxon name is an exact homonym
P1318,proved by,person who proved something
P1327,partner in business or sport,professional collaborator
P1336,territory claimed by,administrative divisions that claim control of a given area
P1340,eye color,color of the irises of a person's eyes
P1344,participant in,"event in which a person, organization or creative work was/is a participant; inverse of P710 or P1923"
P1346,winner,"winner of a competition or similar event, not to be used from the awardees record (instead use ""award received"" (P166), possibly qualified with ""for work"" (P1686)) nor for wars or battles"
P1347,military casualty classification,"allowed values: killed in action (Q210392), missing in action (Q2344557), died of wounds (Q16861372), prisoner of war (Q179637), killed in flight accident (Q16861407), others used in military casualty classification"
P135,movement,"literary, artistic, scientific or philosophical movement or scene associated with this person or work. For political ideologies use P1142."
P13574,‎most populous urban area,"city or town with the largest population in this area (country, state, county, continent, etc.)"
P136,genre,creative work's genre or an artist's field of work (P101). Use main subject (P921) to relate creative works to their topic
P13602,single taken from the album or EP,indicates the album or extented play (EP) from which the single is taken
P1365,replaces,"person, state or item replaced. Use ""structure replaces"" (P1398) for structures. Use ""follows"" (P155) if the previous item was not replaced or predecessor and successor are identical"
P1366,replaced by,"other person or item which continues the item by replacing it in its role. Use P156 (""followed by"") if the item is not replaced nor identical, but adds to the series (e.g. books in a series)."
P137,operator,"person, profession, organization or entity that operates the equipment, facility, or service"
P13713,awarded for type of work,kind of work for which an award is given
P1376,capital of,"country, state, department, canton or other administrative division of which the municipality is the governmental seat"
P138,named after,"entity or event that inspired the subject's name, or namesake (in at least one language). Qualifier ""applies to name"" (P5168) can be used to indicate which one"
P1382,partially coincident with,"object that partially overlaps with the subject in its instances, parts, or members"
P1383,contains settlement,settlement which an administrative division contains
P1387,political alignment,political position within the left–right political spectrum
P1398,structure replaces,"the item this building or structure replaced, at the same geographic location"
P1399,convicted of,crime a person or organization was convicted of
P140,religion or worldview,"religion of a person, organization or religious building, or associated with this subject"
P1408,licensed to broadcast to,place that a radio/TV station is licensed/required to broadcast to
P1411,nominated for,"award nomination received by a person, organisation or creative work (inspired from ""award received"" (Property:P166))"
P1412,"languages spoken, written or signed","language(s) that a person or a people speaks, writes or signs, including the native language(s)"
P1416,affiliation,organization that a person or organization is affiliated with (not necessarily member of or employed by)
P1419,shape,shape of an object
P1420,taxon synonym,name listed as synonym of this item's taxon name
P1425,ecoregion (WWF),ecoregion of the item (choose from WWF's list)
P1427,start point,"starting place of this journey, flight, voyage, trek, migration etc."
P1429,has pet,pet that a person owns
P1431,executive producer,"executive producer of a movie, TV show, or other piece of media or entertainment"
P1433,published in,"larger work that a given work was published in, like a journal, a website, a collection, a book or a music album"
P1434,takes place in fictional universe,"the subject is a work describing a fictional universe, i.e. whose plot occurs in this universe"
P1435,heritage designation,heritage designation of a cultural or natural site
P144,based on,the work(s) or inputs used as the basis for subject item; for fictional analog use P1074
P1441,present in work,"this (fictional or fictionalized) entity, place, or person appears in that work as part of the narration (use P2860 for works citing other works, P361/P1433 for works being part of other works, P1343 for entities described in non-fictional accounts)"
P1444,destination point,"destination for this route (journey, flight, sailing, exploration, migration, etc.)"
P1445,fictional universe described in,"to link a fictional universe with a work that describes it: <universe> ""described in the work:"" <work>"
P1454,legal form,legal form of an entity
P1455,list of works,link to the article with the works of a person; use P358 for discographies
P1478,has immediate cause,"nearest, proximate thing that directly resulted in the subject as outcome or effect. Used in conjunction with 'has cause' (i.e. underlying cause) and 'has contributing factor'. See 'Help:Modeling causes'."
P1479,has contributing factor,"thing that significantly influenced, but did not directly cause, this outcome or effect. Used in conjunction with 'has cause' and 'has immediate cause'. See '[[Help:Modeling causes]]'."
P149,architectural style,architectural style of a structure
P150,contains the administrative territorial entity,(list of) direct subdivisions of an administrative territorial entity
P1532,country for sport,country a person or a team represents when playing a sport
P1535,used by,item or concept that makes use of the subject (use sub-properties when appropriate)
P1537,contributing factor of,"thing that is significantly influenced by this cause, but does not directly result from it. See 'Help:Modeling causes' for examples and discussion."
P1542,has effect,effect of this item
P1546,motto,description of the motto of the subject
P155,follows,"immediately prior item in a series of which the subject is a part, preferably use as qualifier of P179 [if the subject has replaced the preceding item, e.g. political offices, use ""replaces"" (P1365)]"
P1552,has characteristic,inherent or distinguishing quality or feature of the entity. Use a more specific property when possible
P1557,manifestation of,inherent and characteristic embodiment of a given concept
P156,followed by,"immediately following item in a series of which the subject is a part, preferably use as qualifier of P179 [if the subject has been replaced, e.g. political offices, use ""replaced by"" (P1366)]"
P157,killed by,person or organization who killed the subject
P1574,exemplar of,links an individual copy of a work to the item for that work or edition
P1576,lifestyle,"typical way of life of an individual, group, or culture"
P1582,natural product of taxon,"links a natural product with its source (animal, plant, fungal, algal, etc.)"
P1589,lowest point,point with lowest elevation in a region or path
P159,headquarters location,city or town where an organization's headquarters is or has been situated. Use P276 qualifier for specific building
P1591,defendant,person or organization accused at a trial
P1598,consecrator,bishop who presided as consecrator or co-consecrator of this bishop
P16,transport network,network the infrastructure is a part of
P161,cast member,"actor in the subject production [use ""character role"" (P453) and/or ""name of the character role"" (P4633) as qualifiers] [use ""voice actor"" (P725) for voice-only role] - [use ""recorded participant"" (P11108) for non-fiction productions]"
P162,producer,"person(s) who produced the film, musical work, theatrical production, etc. (for film, this does not include executive producers, associate producers, etc.) [for production company, use P272, video games - use P178]"
P1620,plaintiff,party who initiates a lawsuit
P1622,driving side,side of the road that vehicles drive on in a given jurisdiction
P1625,has melody,this work has the melody of the following work
P163,flag,subject's flag
P1639,pendant of,"other work in a pair of opposing artworks, such as wedding portraits, commissioned together, but not always"
P1640,curator,content specialist responsible for this collection or exhibition
P1657,MPA film rating,US film classification administered by the Motion Picture Association
P166,award received,"award or recognition received by a person, organization or creative work"
P167,structure replaced by,"the item which replaced this building or structure, at the same geographic location"
P1672,this taxon is source of,"links a taxon to natural products it produces. Note that it does not say ""this taxon is the source of"" or ""this taxon is a source of"" as this may vary. Some products may be yielded by more than one taxon."
P1686,for work,qualifier of award received (P166) to specify the work that an award was given to the creator for
P169,chief executive officer,highest-ranking corporate officer appointed as the CEO within an organization
P17,country,sovereign state that this item is in (not to be used for human beings)
P170,creator,maker of this creative work or other object (where no more specific property exists)
P171,parent taxon,closest parent taxon of the taxon in question
P1716,brand,commercial brand associated with the item
P172,ethnic group,"subject's ethnicity (consensus is that a VERY high standard of proof is needed for this field to be used. In general this means 1) the subject claims it themselves, or 2) it is widely agreed on by scholars, or 3) is fictional and portrayed as such)"
P175,performer,"actor, musician, band or other performer associated with this role or musical work"
P176,manufacturer,(main or final) manufacturer or producer of this product
P177,crosses,"obstacle (body of water, road, railway...) which this bridge (ferry, ford) crosses over or this tunnel goes under"
P1777,manner of,"for unknown artists who worked in a similar style as the named author, but not necessary from the same period"
P178,developer,organization or person that developed the item
P1789,chief operating officer,the chief operating officer of an organization
P179,part of the series,series which contains the subject
P180,depicts,"entity visually depicted in an image, literarily described in a work, or otherwise incorporated into an audiovisual or other medium; see also P921, 'main subject'"
P1809,choreographer,person(s) who did the choreography
P1817,addressee,person or organization to whom a letter or note is addressed
P183,endemic to,sole location or habitat type where the taxon lives
P1830,owner of,entities owned by the subject
P184,doctoral advisor,person who supervised the doctorate or PhD thesis of the subject
P1840,investigated by,person or organization involved in investigation of the item
P185,doctoral student,doctoral student(s) of a professor
P186,made from material,material the subject or the object is made of or derived from (do not confuse with P10672 which is used for processes)
P1875,represented by,person or agency that represents or manages the subject
P1876,vessel,"vessel involved in this mission, navigation or event"
P1877,after a work by,artist whose work strongly inspired / was copied in this item
P1884,hair color,person's hair color. Use P585 as qualifier if there's more than one value
P1885,cathedral,principal church of a religious district
P189,location of discovery,where the item was located when discovered
P1891,signatory,"person, country, or organization that has signed an official document (use P50 for author)"
P19,place of birth,"most specific known birth location of a person, animal or fictional character"
P190,twinned administrative body,"twin towns, sister cities, twinned municipalities and other localities that have a partnership or cooperative agreement, either legally or informally acknowledged by their governments"
P1906,office held by head of state,political office that is fulfilled by the head of state of this item
P1909,side effect,"effect of a medication or procedure, that occurs next to the desired effect"
P1910,decreased expression in,indicates that a decreased expression of the subject gene is found in the object disease
P1911,increased expression in,this property should link a gene and a disease and indicate that an increased expression of the gene is found in the disease
P1916,gene substitution association with,disease caused or associated with the substitution of this gene
P1918,altered regulation leads to,this property should link a gene and a disease due to altered regulation
P1923,participating team,like 'Participant' (P710) but for teams. For an event like a cycle race or a football match you can use this property to list the teams and P710 to list the individuals (with 'member of sports team' (P54) as a qualifier for the individuals)
P1924,vaccine for,disease that a vaccine is for
P193,main building contractor,the main organization (or person) responsible for construction of this structure or building
P194,legislative body,"legislative body governing this entity; political institution with elected representatives, such as a parliament/legislature or council"
P195,collection,"art, museum, archival, or bibliographic collection of which the subject is part (item is in the collection of X)"
P1950,second family name in Spanish name,second (generally maternal) family name in Spanish names (do not use for other double barrelled names) and in some French names.
P1951,investor,individual or organization which invests money in the item for the purpose of obtaining financial return on their investment
P196,minor planet group,is in grouping of minor planets according to similar orbital characteristics
P197,adjacent station,"the stations next to this station, sharing the same line(s)"
P199,organizational divisions,organizational divisions of this organization (which are not independent legal entities)
P1995,health specialty,main specialty relevant to this medical condition or treatment
P20,place of death,"most specific known (e.g. city instead of country, or hospital instead of city) death location of a person, animal or fictional character"
P200,inflows,"major inflow sources — rivers, aquifers, glacial runoff, etc. Some terms may not be place names, e.g. none"
P201,outflows,"rivers and other outflows waterway names. If evaporation or seepage are notable outflows, they may be included. Some terms may not be place names, e.g. evaporation"
P2012,cuisine,type of food served by a restaurant or restaurant chain or national food culture
P205,basin country,country that have drainage to/from or border the body of water
P206,located in or next to body of water,body of water on or next to which a place is located
P2061,aspect ratio (W:H),"image width to height ratio of flags, films, photographs, and other images"
P2079,fabrication method,"method, process or technique used to grow, cook, weave, build, assemble, manufacture the item"
P208,executive body,branch of government for the daily administration of the territorial entity
P209,highest judicial authority,"supreme judicial body within a country, administrative division, or other organization"
P2094,competition class,"official classification by a regulating body under which the subject (events, teams, participants, or equipment) qualifies for inclusion"
P2098,substitute/deputy/replacement of office/officeholder,function that serves as deputy/replacement of this function/office (scope/conditions vary depending on office)
P21,sex or gender,"sex or gender identity of human or animal. For human: male, female, non-binary, intersex, transgender female, transgender male, agender, etc. For animal: male organism, female organism. Groups of same gender use subclass of (P279)"
P210,party chief representative,chief representative of a party in an institution or an administrative unit (use qualifier to identify the party)
P2175,medical condition treated,"disease that this pharmaceutical drug, procedure, or therapy is used to treat"
P2176,drug or therapy used for treatment,"drug, procedure, or therapy that can be used to treat a medical condition"
P2184,history of topic,"item about the historical development of a subject's topic, example: ""history of Argentina"" for ""Argentina"". To list key events of the topic, use ""significant event"" (P793)"
P22,father,"male parent of the subject. For stepfather, use stepparent (P3448)"
P2238,official symbol,official symbol of an organisation
P2239,first aid measures,"actions to take to help a person in the case of exposure to this hazard or malady (accidents, injuries, harmful chemicals)"
P2283,uses,item or concept used by the subject or in the operation (see also instrument [P1303] and armament [P520])
P2291,charted in,chart where the element reached a position
P2293,genetic association,"general link between a disease and the causal genetic entity, if the detailed mechanism is unknown/unavailable"
P2308,class,"qualifier to define a property constraint in combination with ""property constraint"" (P2302)"
P2319,elector,people or other entities which are qualified to participate in the subject election
P2341,indigenous to,"place or ethnic group where a language, art genre, cultural tradition or expression, cooking style or food, or biological species or variety is found (or was originally found)"
P2348,time period,"time period (historic period or era, sports season, theatre season, legislative period etc.) in which the subject occurred or with which it is associated"
P2358,praenomen,"standard part of the name of a Roman (and related cultures), link to items for specific Roman praenomen only"
P2359,nomen gentilicium,"standard part of the name of a Roman (and related cultures), link to items about the Roman gens only"
P2360,intended public,"intended audience or user of this work, product, object, or event"
P2361,online service,online service or online service provider tied to an item
P2365,cognomen,"standard part of the name of a Roman (and related cultures), link to items about specific Roman cognomen only"
P2366,agnomen,"optional part of the name of a Roman (and related cultures), link to items for specific Roman agnomen only"
P237,coat of arms,subject's coat of arms
P2378,issued by,"organisation or other agent that issues or allocates an identifier, code, classification number, etc."
P2388,position held by head of the organization,position of the head of this item
P2389,organization directed by the office or position,organization or project which is directed by this office
P2408,set in period,"historical, contemporary, or future period, year, century or day the work or genre is set in or event featured in the story of the work"
P241,military branch,"branch to which this military unit, award, office, or person belongs, e.g. Royal Navy"
P2414,substrate of,substrate that an enzyme acts upon to create a product
P2416,sports discipline competed in,discipline an athlete competed in within a sport
P2438,narrator,"narrator, character or person that tells the story"
P2462,member of the deme,name of the deme in Ancient Attica to which the item belonged
P25,mother,"female parent of the subject. For stepmother, use stepparent (P3448)"
P2500,league level below,the league below this sports league
P2512,has spin-off,works that are spin-offs of this item
P2515,costume designer,"person who designed the costumes for a film, television programme, etc."
P2522,competition won,competition or sports event won by the subject
P2541,operating area,"geographic area or jurisdiction an organisation or industry operates in, serves, or has responsibility for"
P2546,sidekick of,close companion of a fictional character
P2548,strand orientation,orientation of gene on double stranded DNA molecule
P2550,recording or performance of,item is a recording or release of this composition
P2551,used metre,rhythmic structure of the poetic text or musical piece
P2554,production designer,"person(s) responsible for overall aesthetic of the story of this motion picture, play, video game or similar; responsible for visual concept, producing interior, exterior, location, graphics, etc; deals with many and varied logistic related to this"
P2563,superhuman feature or ability,"superhuman, supernatural, or paranormal abilities that the fictional subject exhibits"
P2564,Köppen climate classification,indicates the characteristic climate of a place
P2578,is the study of,"the object that an academic field studies; distinct from field of work (P101), which is used for human, organization, etc."
P2579,studied by,subject is studied by this science or domain
P2596,culture,human culture or people (or several cultures) associated with this item
P26,spouse,"the subject has the object as their spouse (husband, wife, partner, etc.). Use unmarried partner (P451) for non-married companions"
P2629,BBFC rating,"British media content rating (add BBFC reference with qualifier ""P2676"")"
P263,official residence,the residence at which heads of government and other senior figures officially reside
P2632,place of detention,place where this person is or was detained
P2634,model,"person who appears in an artwork or photograph, in the role of an artist's model, rather than subject"
P264,record label,brand and trademark associated with the marketing of subject music recordings and music videos
P2650,interested in,item of special or vested interest to this person or organisation
P2652,partnership with,partnership (commercial or/and non-commercial) between this organization and another organization or institution
P2670,has part(s) of the class,the subject has one or more parts of the object class
P2675,reply to,the intellectual work to which the subsequent work is a direct reply
P2684,Kijkwijzer rating,Dutch media content rating system
P27,country of citizenship,the object is a country that recognizes the subject as its citizen
P272,production company,"company that produced this film, audio or performing arts work"
P276,location,"location of the object, structure or event; use P131 to indicate the containing administrative entity, P8138 for statistical entities, or P706 for geographic entities; use P7153 for locations associated with the object"
P277,programmed in,the programming language(s) in which the software is developed
P2770,source of income,source of income of an organization or person
P2789,connects with,item with which the item is physically connected
P2813,house publication,"media that speaks for an organization or a movement, and that is usually edited by its members"
P2817,appears in the heritage monument list,heritage monument is a part of the list of heritage monuments
P282,writing system,"alphabet, character set or other system of writing used by a language, word, or text, supported by a typeface"
P2828,corporate officer,person who holds a specific position
P2849,produced by,links a class of biological features (such as a biochemical compound) with another class of biological entities known to produce it
P2851,payment types accepted,types of payment accepted by a venue
P286,head coach,"on-field manager or head coach of a sports club (not to be confused with a general manager P505, which is not a coaching position) or person"
P2860,cites work,citation from one creative or scholarly work to another
P2868,subject has role,"role held by the item the statement appears on (""subject"") in the context of that statement. For the role of the statement object/value, use P3831 (""object has role""). For acting roles, use P453 (""character role""). For persons, use P39."
P287,designed by,"person or organization which designed the object. For buildings use ""architect"" (Property:P84)"
P2881,promoted,competitor or team promoted during competition
P2894,day of week,"day of the week on which this item occurs, applies to or is valid"
P291,place of publication,geographical place of publication of the edition (use 1st edition when referring to works)
P2922,month of the year,"month of the year during which this item occurs, applies to or is valid in"
P2925,domain of saint or deity,domain(s) which this saint or deity controls or protects
P2936,language used,language widely used (spoken or written) in this place or at this event or organisation
P30,continent,continent of which the subject is a part
P3018,located in protected area,protected area where a place or geographical feature is physically located
P3032,adjacent building,structure or building adjacent to the item
P306,operating system,operating system (OS) on which a software works or the OS installed on hardware
P3075,official religion,official religion in this administrative entity
P3080,game artist,"game artist(s) that produced art assets for role-playing games, collectible card games, video game, etc."
P3082,destroyed,physical items destroyed by this event
P3091,mount,"creature ridden by the subject, for instance a horse"
P3092,film crew member,"member of the crew creating an audiovisual work, used for miscellaneous roles qualified with the job title when no specific property exists. Don't use if such a property is available: notably for cast member (P161), director (P57), etc."
P3095,practiced by,type of agents that study this subject or work in this field
P3137,parent peak,"higher peak whose territory this peak resides in, where the territory is defined by a contour line through a key col, which can be selected based on several competing approaches"
P3150,birthday,"item for day and month on which the subject was born. Used when full ""date of birth"" (P569) isn't known."
P3156,Australian Classification,content rating of an audiovisual work or video game in the Australian Classification system
P3161,has grammatical mood,language has this grammatical mood/mode for signaling modality
P3173,offers view on,"things, places this place offers views on"
P3174,art director,"person credited as the art director/artistic director of this work; manages the process of making the visuals, which is done by concept artists, graphic designers, set designers, costume designers, lighting designers; See also P8938 for organizations"
P3179,territory overlaps,part or all of the area associated with (this) entity overlaps part or all of the area associated with that entity
P3259,intangible cultural heritage status,status of an item that is designated as intangible heritage
P3279,statistical leader,"leader of a sports tournament in one of statistical qualities (points, assists, rebounds etc.)."
P3300,musical conductor,"the person who directs a musical group, orchestra or chorus"
P3301,broadcast by,"channel, network, website or service that broadcast this item over radio, television or the Internet"
P3320,board member,member(s) of the board for an organization
P3335,associated hazard,"hazards implicit in the subject item: that a sign warns of; that one may encounter in this place, on this thoroughfare; that are inherent properties of (or threats to) the subject; etc."
P3342,significant person,person linked to the item in any possible way
P3349,designed to carry,what the vehicle or class of vehicles is or was designed to carry
P3364,stereoisomer of,target item is a stereoisomer of this item
P3373,sibling,"the subject and the object have at least one common parent (brother, sister, etc. including half-siblings); use relative (P1038) for siblings-in-law (brother-in-law, sister-in-law, etc.) and step-siblings (step-brothers, step-sisters, etc.)"
P3403,coextensive with,this item has the same boundary as the target item; area associated with (this) entity is identical with the area associated with that entity
P3438,vehicle normally used,vehicle the subject normally uses
P344,director of photography,"person responsible for the framing, lighting, and filtration of the subject work"
P3448,stepparent,subject has the object as their stepparent
P3450,sports season of league or competition,"property that shows the competition of which the item is a season. Use P5138 for ""season of club or team""."
P3461,designated as terrorist by,"country or organization that has officially designated a given group as a terrorist organization (e.g. for India, listed on http://mha.nic.in/BO )"
P3493,legal status (medicine),"legal status for pharmaceutical drugs, e.g. general sales list for paracetamol in the UK"
P35,head of state,official with the highest formal authority in a country/state
P355,child organization or unit,"child organization/unit of a organization/unit; for companies, generally a fully owned separate corp., see business division (P199); opposite of parent org./unit (P749); use instance of (P31) to distinguish org. (Q43229) and org. unit (Q10387680)"
P358,discography,item for list pages with discography of artist or band
P36,capital,"seat of government of a country, province, state or other type of administrative territorial entity"
P360,is a list of,common element between all listed items
P3602,candidacy in election,election where the subject is a candidate
P361,part of,"object of which the subject is a part (if this subject is already part of object A which is a part of object B, then please only make the subject part of object A), inverse property of ""has part"" (P527, see also ""has parts of the class"" (P2670))"
P364,original language of film or TV show,"language in which a film or a performance work was originally created. Deprecated for written works and songs; use P407 (""language of work or name"") instead."
P366,has use,main use of the subject (includes current and former usage)
P37,official language,language designated as official by this item
P3701,incarnation of,incarnation of another religious or supernatural being
P371,presenter,main role in presenting a radio or television program or a performing arts show
P3712,has goal,desired result or outcome
P3716,social classification,social class as recognized in traditional or state law
P3719,regulated by,"organization that acts as regulator of an activity, financial market, or stock exchange"
P3729,next lower rank,"lower rank or level in a ranked hierarchy like sport league, military ranks. If there are several possible, list each one and qualify with ""criterion used"" (P1013), avoid using ranks and date qualifiers. For sports leagues/taxa, use specific properties instead."
P3730,next higher rank,"higher rank or level in a ranked hierarchy like sport league, military ranks. If there are several possible, list each one and qualify with ""criterion used"" (P1013), avoid using ranks and date qualifiers. For sports leagues/taxa, use specific properties instead."
P375,space launch vehicle,type of rocket or other vehicle for launching subject payload into outer space
P3772,agonist of,protein for which this chemical acts as an agonist
P3776,inhibitor of,"protein for which this chemical compound acts as an inhibitor; only specify the inhibited function if the protein has more than one function (qualifier ""of"")"
P3780,active ingredient in,"is part of and forms biologically active component. Inverse of ""has active ingredient"""
P3781,has active ingredient,"has part biologically active component; inverse of ""active ingredient in"" (P3780)"
P38,currency,currency used by item
P3803,original film format,film format (gauge/size) used to create a work
P3815,volcano observatory,institution that monitors this volcanic landform or phenomenon
P3828,wears,clothing or accessory worn on subject's body
P3834,RTC film rating,rating of a film in the Mexican film classification system
P3842,located in the present-day administrative territorial entity,the item was located in the territory of this present-day administrative unit; however the two did not at any point coexist in time
P3871,tributary orientation,specify if the stream confluence is a left bank or right bank tributary
P39,position held,subject currently or formerly holds the object position or public office
P3919,contributed to creative work,"person is cited as contributing to some creative or published work or series (qualify with subject has role, P2868)"
P3931,copyright holder,person or organisation who holds the copyright of a work according to the Berne Convention
P3938,named by,person or organisation that coined the name; use as qualifier for P2561 and its subproperties
P3966,programming paradigm,programming paradigm in which a programming language is classified
P397,parent astronomical body,major astronomical body the item belongs to
P3975,general secretary,"leader of a political or international organization, sometimes below the chairperson (P488)"
P398,child astronomical body,minor body that belongs to the item
P3989,members have occupation,some or all members of this group share the occupation
P40,child,"subject has object as child. Do not use for stepchildren—use relative (P1038), qualified with type of kinship (P1039)"
P400,platform,"platform for which a work was developed or released, or the specific platform version of a software product"
P403,mouth of the watercourse,the body of water to which the watercourse drains
P4044,therapeutic area,disease area in which a medical intervention is applied
P406,soundtrack release,music release that incorporates music directly recorded from the soundtrack of an audiovisual work
P407,language of work or name,"language associated with this creative work (such as books, shows, songs, broadcasts or websites) or a name (for persons use ""native language"" (P103) and ""languages spoken, written or signed"" (P1412))"
P408,software engine,software engine employed by the subject item
P4082,captured with,"equipment (e.g. model of camera, lens, microphone), used to capture this image, video, audio, or data"
P410,military or police rank,"military or police rank achieved by a person (should usually have a start time qualifier), or military or police rank associated with a position"
P411,canonization status,formal stage in the process of attaining sainthood per the subject's religious organization
P412,voice type,"person's voice type. expected values: soprano, mezzo-soprano, contralto, countertenor, tenor, baritone, bass (and derivatives)"
P413,position played on team / speciality,position or specialism of a player on a team
P414,stock exchange,exchange on which this company is traded
P4147,conjugate acid,species formed by accepting a proton (H⁺)
P4149,conjugate base,species formed by losing a proton (H⁺)
P4151,game mechanics,constructs of rules or methods designed for interaction with the game state
P417,patron saint,patron saint adopted by the subject
P4185,iconographic symbol,"identifying element typically depicted as accompanying or worn by this religious figure, hero, fictional or historical character"
P425,field of this occupation,"field corresponding to this occupation or profession (use only for occupations/professions - for people use Property:P101, for companies use P452)"
P4292,possessed by spirit,item which is spiritually possessing this item
P4330,contains,"contents, item or substance located within this wrapping item, but not part of this receptacle or container; does not describe the ingredients or components of this container"
P4345,director of archaeological fieldwork,person leading the archaeological or anthropological investigation at a given site
P437,distribution format,method (or type) of distribution for the subject
P4379,youth wing,group of younger people associated with this organization
P4446,reward program,reward program associated with the item
P449,original broadcaster,network(s) or service(s) that originally broadcast a radio or television program
P450,astronaut mission,space mission that the subject is or has been a member of (do not include future missions)
P451,unmarried partner,someone with whom the person is in a relationship without being married. Use spouse (P26) for married couples
P452,industry,specific industry of company or organization
P4552,mountain range,range or subrange to which the geographical item belongs
P457,foundational text,text through which an institution or object has been created or established
P4584,first appearance,work in which a fictional/mythical character or entity first appeared
P4599,monomer of,polymer composed of this monomer subunits
P460,said to be the same as,"this item is said to be the same as that item, though this may be uncertain or disputed"
P4600,polymer of,monomer of which this polymer compose
P4608,scenographer,person who designed the stage or film set of this item
P461,opposite of,item that is in some way the opposite of this item
P4614,drainage basin,"area where precipitation collects and drains off into a common outlet, such as into a river, bay, or other body of water"
P462,color,color of subject
P463,member of,"organization, club or musical group to which the subject belongs. Do not use for membership in ethnic or social groups, nor for holding a political position, such as a member of parliament (use P39 for that)"
P4647,location of first performance,"location where a work was first debuted, performed or broadcasted"
P466,occupant,person or organization occupying property
P4661,reservoir created,reservoir created upstream of a dam by this dam
P4675,appears in the form of,this fictional or mythical entity takes the form of that entity
P4688,geomorphological unit,topographic or bathymetric feature to which this geographical item belongs
P469,lake on watercourse,lake or reservoir through which the river or stream flows
P47,shares border with,"countries or administrative subdivisions, of equal level, that this item borders, either by land or water. A single common point is enough."
P4733,produced sound,"item for the sound generated by the subject, for instance the cry of an animal"
P4743,animal breed,"subject item belongs to a specific group of domestic animals, generally given by association"
P4777,has boundary,element that's on the two dimensional border that surrounds the subject; the limit of an entity
P4791,commanded by,"commander of a military unit/army/security service, operation, etc."
P4792,created by dam,construction impounding this watercourse or creating this reservoir
P4794,season starts,month or season when sports competition begins
P4805,make-up artist,person in charge of make-up
P483,recorded at studio or venue,studio or location where a musical composition/release was recorded
P485,archives at,the institution holding the subject's archives
P488,chairperson,"presiding member of an organization, group or body"
P4884,court,specific court a legal case is or was heard or decided in
P4913,dialect of,"language of which an item with this property is a dialect. Use in addition to ""subclass of"" (P279) if a languoid is also considered a dialect."
P495,country of origin,"country of origin of this item (creative work, food, phrase, product, etc.)"
P4954,may prevent disease,disease which may be prevented by this substance
P4967,prerequisite,"prior event or achievement that a person or team needs to complete before joining or obtaining the item topic, e.g. a qualifying round of a sports event, a lower-level course in an educational program, or a lower level of a professional qualification"
P4969,derivative work,"new work of art (film, book, software, etc.) derived from major part of this work"
P50,author,"main creator(s) of a written work (use on works, not humans); use P2093 (author name string) when Wikidata item is unknown or does not exist"
P500,exclave of,territory is legally or politically attached to a main territory with which it is not physically contiguous because of surrounding alien territory. It may also be an enclave.
P5004,in opposition to,object of a social action
P501,enclave within,territory is entirely surrounded (enclaved) by the other territory
P5021,assessment,"subject took the test or exam, or was assessed per test or method"
P5025,gens,a clan or group of families from Ancient Rome who shared the same nomen
P5028,sound designer,"person responsible for the sound on a stage, in a film or in a radio drama"
P5052,supervisory board member,member(s) of the supervisory board for the organization
P5056,patronym or matronym,"part of a person's name that comes from the given name of a parent, in naming traditions that require it"
P5059,modified version of,indicates the work or one of its versions which served as a basis for the adaptation or arrangement resulting in the given version of the work
P5072,presented in,"event at which a talk, film, paper, or poster was presented"
P509,cause of death,"underlying or immediate cause of death. Underlying cause (e.g. car accident, stomach cancer) preferred. Use 'manner of death' (P1196) for broadest category, e.g. natural causes, accident, homicide, suicide"
P5096,member of the crew of,"person who has been a member of a crew associated with the vessel or spacecraft. For spacecraft, inverse of crew member (P1029), backup or reserve team or crew (P3015)"
P5109,has grammatical gender,"specific form of noun class system of a language. Use qualifier ""statement is subject of"" (P805) to link to language specific item if present"
P511,honorific prefix,"word or expression used before a name, in addressing or referring to a person"
P512,academic degree,academic degree that the person holds
P5135,greater than,"instances of the item have a greater value than corresponding instances of the object, for the given measure"
P516,powered by,equipment or engine used by the subject to convert a source or energy into mechanical energy
P518,applies to part,"part, aspect, or form of the item to which the claim applies"
P520,armament,equippable weapon item for the subject
P5201,IMDA rating,rating in the Singaporean film and video game rating system
P5202,adapted by,person responsible for the arrangement or adaptation resulting in this version of the original work
P527,has part(s),"part of this subject; inverse property of ""part of"" (P361). See also ""has parts of the class"" (P2670)."
P53,family,"family, including dynasty and nobility houses. Not family name (use P734 for family name)."
P530,diplomatic relation,diplomatic relations of the country
P533,target,target of an attack or military operation
P5353,school district,school district to which a settlement or other item belongs
P54,member of sports team,sports teams or clubs that the subject represents or represented
P541,office contested,title of office which election will determine the next holder of
P5460,grants,"confers degree, honor, award, prize, title, certificate or medal denoting achievement to a person or organization"
P547,commemorates,"what or whom is commemorated by the place, monument, memorial, or holiday"
P550,chivalric order,the chivalric order which a person belongs to
P551,residence,"the place where the person is or has been, resident"
P5514,accredited by,"optionally use together with ""subject has role"" (P2868)"
P5572,expressed in,gene or protein is expressed during a specific condition/cell cycle/process/form
P559,terminus,"the feature (intersecting road, train station, etc.) at the end of a linear feature"
P562,central bank/issuer,central bank or other issuing authority for the currency
P5642,risk factor,"factor associated with a high prevalence of a particular gene, disease or characteristic. These factors can be country of origin, country of citizenship, race, gender, occupation, anamnesis, etc."
P566,has basionym,"the legitimate, previously published name on which a new combination or name at new rank is based"
P57,director,"director(s) of film, TV-series, stageplay, video game or similar"
P5707,samples from work,audio or video which this work uses a raw excerpt of
P5769,editor-in-chief,"a publication's editorial leader who has final responsibility for its operations and policies and the selection of authors, translators, illustrators, and formats for publishing articles or books in collections or periodical papers"
P58,screenwriter,person(s) who wrote the script for subject item
P5800,narrative role,narrative role of this character (should be used as a qualifier with P674 or restricted to a certain work using P10663)
P5816,state of conservation,"to indicate physical state of conservation of a building, monument, artifact, etc. E.g. ruinous, demolished, correct, etc."
P5869,model item,"defines which item is a best practice example of modelling a subject, which is described by the value of this property, usage instructions at Wikidata:Model items"
P5872,smells of,what an item is said to smell like
P5940,plot expanded in,a narrative of this creative work is expanded in another work while '''not necessarily''' being part of the same series. For series use P179 instead
P598,commander of (DEPRECATED),"for persons who are notable as commanding officers, the units they commanded"
P5998,distributary,stream that branches off and flows away from the river
P6,head of government,"head of the executive power of this town, city, municipality, state, country, or other governmental body"
P607,participated in conflict,"battles, wars or other military engagements in which the person or item participated"
P608,exhibition history,exhibitions where the item is or was displayed
P6087,coach of sports team,sports club or team for which this person is or was on-field manager or coach
P609,terminus location,location of the terminus of a linear feature
P61,discoverer or inventor,"subject who discovered, first described, invented, or developed this discovery or invention or scientific hypothesis or theory"
P610,highest point,point with highest elevation in a region or path
P6106,uses capitalization for,lexical classes and subclasses of words as well as other uses in the language where the first letter is written as a capital letter
P611,religious order,"order of monks or nuns to which an individual, religious house, or rule belongs"
P6118,season ends,to indicate what month of the year a sports season ends
P612,mother house,principal house or community for a religious institute
P6166,quotes work,"other creative work which this work quotes from textually, verbally or lyrically"
P618,source of energy,describes the source of energy an animated object (machine or animal) uses
P6185,tautomer of,target item is a tautomer of this one
P6216,copyright status,"copyright status for intellectual creations like works of art, publications, software, etc."
P6241,collection creator,"entity (person, organization, etc.) that caused a record or collection to be produced or gathered"
P6275,copyright representative,person or organisation who represents the copyright for this person or work of art
P629,edition or translation of,is an edition or translation of this entity
P6291,advertises,"cause, organization or product targeted by the advertising campaign, character, jingle or slogan"
P631,structural engineer,"person, group or organisation responsible for the structural engineering of a building or structure"
P636,route of administration,"path by which a drug, fluid, poison, or other substance is taken into the body"
P6364,official color,official colors chosen to represent or identify an item
P6379,has works in the collection,collection that has works of this person or organisation (use archives at [P485] for archives)
P641,sport,sport that the subject participates or participated in or is associated with
P6439,has lyrics,work whose text is used as the lyrics of this work
P6452,CBFC rating,rating in the Indian film rating system
P647,drafted by,which team the player was drafted by
P65,site of astronomical discovery,"the place where an astronomical object was discovered (observatory, satellite)"
P6531,observed in,"to be used as reference to location, condition, variant where upon the subject property object statement is based"
P655,translator,agent who adapts any kind of written text from one language to another
P6553,personal pronoun,personal pronoun(s) this person goes by
P658,tracklist,audio tracks contained in this release
P66,ancestral home,place of origin for ancestors of subject
P664,organizer,person or institution organizing an event
P669,located on street,"street, road, square, or trail, where the item is located. To add the number, use Property:P670 ""house number"" as qualifier. Use property P6375 ""street address"", if there is no item for the street"
P6718,music video,short film integrating this composition with imagery
P674,characters,"characters which appear in this item (like plays, operas, operettas, books, comics, films, TV series, video games)"
P6758,supported sports team,sports team for which a person or a group is a supporter
P676,lyricist,author of song lyrics
P680,molecular function,represents gene ontology function annotations
P6803,taxon found at location,"plant or animals taxon described as present in location, not countries or first-level subnational entities. Requires reference. Ref should cover a limited number of taxa for specific location."
P681,cell component,component of the cell in which this item is present
P682,biological process,is involved in the biological process
P684,ortholog,orthologous gene in another species (use with 'species' qualifier)
P6872,has written for,publication an author has contributed to
P6875,motif represents,"object or concept from which this motif is derived, or which it represents"
P688,encodes,the product of a gene (protein or RNA)
P6885,historical region,"geographic area which at some point in time had a cultural, ethnic, linguistic or political basis, regardless of present-day borders"
P6886,writing language,language in which the writer has written their work
P689,afflicts,"type of organism which a condition or disease afflicts (for an organ affected by a condition, use P927)"
P69,educated at,educational institution attended by subject
P6902,era name,era name for rulers in East Asia
P6942,animator,person creating animated sequences out of still images
P6962,narrative motif,"thematic unit in a narrative or literary work used to develop a theme, mood or plot"
P702,encoded by,the gene that encodes some gene product
P703,found in taxon,the taxon in which the item can be found
P7047,enemy,opponent character or group of this fictive character or group
P706,located in/on physical feature,located on the specified (geo)physical feature. Should not be used when the value is only political/administrative (P131) or a mountain range (P4552). Use P206 for things in/on bodies of water.
P708,diocese,administrative division of the church to which the element belongs; use P5607 for other types of ecclesiastical territorial entities
P7084,related category,Wikimedia category is related to this item
P710,participant,"person, group of people or organization (object) that actively takes/took part in an event or process (subject). Preferably qualify with ""object has role"" (P3831). Use P1923 for participants that are teams."
P7153,significant place,significant or notable places associated with the subject
P720,asteroid spectral type,"spectral classifications of asteroids based on spectral shape, color, and albedo"
P725,voice actor,"performer of a spoken role in a creative work such as animation, video game, radio drama, or dubbing over [use ""character role"" (P453) as qualifier] [use ""cast member"" (P161) for live acting]"
P7253,color produced,"color or color range produced by a dye, alone or with a mordant"
P726,candidate,person or party that is an option for an office in this election
P7309,has climbing route,route used to get closer to a high point
P736,cover art by,"name of person or team creating cover artwork for book, record album, single record etc."
P737,influenced by,"the subject (person, idea, etc.) was influenced or inspired by this object entity, e.g. ""Heidegger was influenced by Aristotle"""
P7374,educational stage,"educational stage of a specific school; qualifier of ""educated at"" (P69): the education stage of someone's attendance of school"
P740,location of formation,location where a group or organization was formed
P744,asteroid family,population of asteroids that share similar proper orbital elements
P747,has edition or translation,item that is an edition or translation of this item
P7479,key col,lowest col on the highest-running ridge path connecting to an even higher point
P749,parent organization or unit,"parent organization or unit of an organization or unit, opposite of child organization or unit (P355); use instance of (P31) to distinguish organization (Q43229) and organization unit (Q10387680)"
P750,distributed by,distributor of a creative work; distributor for a record label; news agency; film distributor
P7573,IFCO rating,rating certificate of a film in the Irish content classification system
P767,contributor to the creative work or subject,person or organization that contributed to a subject: co-creator of a creative work or subject
P768,electoral district,"electoral district this person is representing, or of the office that is being contested. Use as qualifier for position held (P39) or office contested (P541) or candidacy in election (P3602)"
P769,significant drug interaction,"clinically significant interaction between two pharmacologically active substances (i.e., drugs and/or active metabolites) where concomitant intake can lead to altered effectiveness or adverse drug events."
P770,cause of destruction,item which caused the destruction of the subject item
P7719,generalization of,theory/notion/statement/algorithm which in some sense this theory/notion/statement/algorithm generalizes
P7779,military unit,smallest military unit that a person is/was in
P7781,exonerated of,crime of which the subject was found not to be guilty after having previously been found guilty by a court for that crime
P78,top-level Internet domain,Internet domain name system top-level code
P780,symptoms and signs,possible symptoms or signs of a medical condition
P7888,merged into,"the subject was dissolved and merged into the object, that existed previously"
P790,approved by,item is approved by other item(s) [qualifier: statement is approved by other item(s)]
P793,significant event,significant or notable events associated with the subject
P7936,business model,business model a business enterprise or creative work operates under
P7937,form of creative work,structure of a creative work
P7938,associated electoral district,constituencies/electoral districts in which a place is located or is part of. If a municipality/county is split into or part of several districts: add several values. Use only if distinct from administrative entities (P131) in predefined countries
P795,located on linear feature,linear feature along which distance is specified from a specified datum point
P7959,historic county,"traditional, geographical division of Great Britain and Ireland"
P797,authority,entity having executive power on given entity
P800,notable work,"notable scientific, artistic or literary work, or other work of significance among subject's works"
P802,student,notable student(s) of the subject individual
P803,professorship,professorship position held by this academic person
P8031,perpetrator,"person or organization who carried out this harmful, illegal, or immoral act"
P8032,victim(s),person(s) who were harmed from an act or event
P807,separated from,subject was founded or started by separating from identified object
P81,connecting line,railway line(s) subject is directly connected to
P8115,eligible recipient,"party, group, person or so that is eligible to receive something, like an award, grant or prize"
P812,academic major,major someone studied at college/university
P8138,located in the statistical territorial entity,statistical territorial entity in which a place is located or is part of. If a municipality or county is split into or part of several regions: add several values
P822,mascot,"mascot of an organization, e.g. a sports team or university"
P823,speaker,"person who is speaker for this event, ceremony, keynote, presentation or in a literary work"
P825,dedicated to,person or organization to whom the subject was dedicated
P826,tonality,key of a musical composition
P828,has cause,"underlying cause, entity that ultimately resulted in this effect"
P832,public holiday,"official public holiday that occurs in this place in its honor, usually a non-working day"
P8324,funder,"entity that gives money to a person, organization, or project for a specific purpose"
P833,interchange station,"station to which passengers can transfer from this station, normally without extra expense"
P837,day in year for periodic occurrence,when a specific holiday or periodic event occurs. It can be used as statement or qualifier
P8371,"references work, tradition or theory","creative work, tradition or theory this creative work references by allusion, quote or similar means (for citations in scholarly and legal works use P2860, for other more specific properties have a look at ""see also"" on the property page)"
P84,architect,person or architectural firm responsible for designing this building
P840,narrative location,the narrative of the work is set in this location
P8403,theorized by,subject who suggested or proposed this concept or immaterial invention
P841,feast day,saint's principal feast day
P8411,set in environment,"environment (geographic feature, building type, etc.) the narrative work is set in"
P8413,academic appointment,this person has been appointed to a role within the given higher education institution or department; distinct from employment or affiliation
P8450,peak bagging classification,recognised peak bagging classification of a mountain or hill
P8453,public transport stop,"general (e.g. nearest) public transport stop (bus, tram, train, subway)"
P85,anthem,subject's official anthem
P8546,recording location,"location where a media item (sound, video, etc.) was recorded"
P8571,external auditor,"external company or person appointed to audit a business' or an organization's books, requirement for many companies"
P859,sponsor,organization or individual that sponsors this item
P86,composer,"person(s) who wrote the music [for lyricist, use ""lyrics by"" (P676)]"
P8625,bibliography,Wikimedia page that gives a selection of relevant texts on the given topic
P868,foods traditionally associated,"foods associated with an event, place, or people"
P8693,fandom,"fan group of a celebrity, musical group, artist, work, etc."
P87,librettist,"author of the libretto (words) of an opera, operetta, oratorio or cantata, or of the book of a musical"
P870,instrumentation,combination of musical instruments employed in a composition or accompanying a (folk) dance
P873,phase point,phase point to describe critical point and triple point (see talk page for an example)
P8738,permits,the norm or license permits people to engage in the object
P8744,economy of topic,item that deals with the economy of the subject
P8786,dedicated heritage entity,heritage entity dedicated to or associated with the item's subject
P88,commissioned by,person or organization that commissioned this work
P880,CPU,central processing unit found within the subject item
P8810,parent,parent of the subject. Only use if neither father (P22) nor mother (P25) nor stepparent (P3448) is applicable.
P8822,epithet,"has an epithet (byname), for a human, a character or a deity"
P8839,hairstyle / hairlength,"style or length of cutting, arranging, or combing the hair on the subject's scalp"
P885,origin of the watercourse,"main source of a river, stream or lake"
P8852,facial hair,"style of cutting, arranging, or combing the hair on the subject's face (usually on the chin, cheeks, and upper lip region); beard"
P8927,kunya,"teknonym in Arabic names, the name of an adult derived from their eldest child or from their characteristics"
P9071,character type,generic character type that this fictional character represents
P91,sexual orientation,"the sexual orientation of the person relative to their declared gender — use ONLY IF they have stated it themselves, unambiguously, or it has been widely agreed upon by historians after their death"
P912,has facility,"the subject item has this type of facility, e.g. toilet, car park"
P9139,first family name in Portuguese name,first (generally maternal) family name in Portuguese names
P915,filming location,"actual place where this scene/film was shot. For the setting, use ""narrative location"" (P840)"
P92,main regulatory text,text setting the main rules by which the subject is regulated
P921,main subject,primary topic of a work or act of communication
P9215,set during recurring event,"recurring event (e.g. time of day, season, month, holiday) during which this fictional work is set"
P9234,supplement to,subject work or edition updates or otherwise complements the object work or edition
P9237,reissue of,"reissue of musical work, release"
P924,possible treatment,health treatment used to resolve or ameliorate a medical condition
P927,anatomical location,where in the body or cell does this feature or condition lie or happen
P931,place served by transport hub,"territorial entity or entities served by this transport hub (airport, train station, etc.)"
P937,work location,"location where persons or organisations were actively participating in employment, business or other work"
P941,inspired by,"work, human, place or event which inspired this creative work or fictional entity"
P9419,personal library at,institution holding the subject’s personal library
P942,theme music,theme music/song used by the item
P943,programmer,the programmer that wrote the piece of software
P945,allegiance,country (or other power) that the person or group serves
P9493,artist files at,institution or collection that holds artist files about the subject
P97,noble title,titles held by the person
P9700,delta of,river that empties water and sediment into its delta
P972,catalog,"catalog for the item, or, as a qualifier of P528 – catalog for which the 'catalog code' is valid"
P974,tributary,watercourse that flows into an other one (for lake inflows use P200)
P9745,translation of,"edition, version or expression directly used as the source text for this translation"
P98,editor,"person who checks and corrects a work (such as a book, newspaper, academic journal, etc.) to comply with a rules of certain genre. Also applies to person who establishes the text of an ancient written work or manuscript."
P9813,container,the type or representing item that is located outside of and is not part of the item and fully contains it
P9899,music created for,"a work, event, etc. for which a musical composition was created (e.g., a play for which incidental music was composed; a ballet for which ballet music was written; a film for which motion picture music was created)"
P991,successful candidate,person(s) or political organization(s) elected after the election
P9929,madhhab,Islamic school of thought within Fiqh
P9969,catalogue raisonné,"comprehensive, annotated listing of all the known artworks by an artist either in a particular medium or all media."
P9977,isotopically modified form of,given molecular entity is a form with natural isotopic composition
